{
  "K": 4096,
  "D": 256,
  "offdiag_mean": 0.004500302020460367,
  "offdiag_std": 0.304521381855011,
  "offdiag_q05": -0.4984649449586868,
  "offdiag_q50": 0.004072603303939104,
  "offdiag_q95": 0.5082745552062988,
  "nn_mean": 0.8673217296600342,
  "nn_q50": 0.8689922988414764,
  "nn_q95": 0.9322799444198608
}